﻿designator,quantity,value,pack,mpn,mount_type
B1,1,BATTERYCR1220_SMT,BAT_CR-1220_FCN,,smt
"D1, D10, D11, D12, D13, D14, D15, D16, D2, D3, D4, D9",12,LED_Small,LED_1206_3216Metric_Pad1.42x1.75mm_HandSolder,,smt
D5,1,GREEN,LED_1206_3216Metric_Pad1.42x1.75mm_HandSolder,,smt
D6,1,BLUE,LED_1206_3216Metric_Pad1.42x1.75mm_HandSolder,,smt
MS1,1,FEATHERWING,MODULE_FEATHER_M0_BASIC_PROTO,,tht
"R1, R10, R11, R12, R17, R2, R3, R4, R5, R6, R7, R8, R9",13,330R,R_Axial_DIN0207_L6.3mm_D2.5mm_P10.16mm_Horizontal,,tht
R13,1,2K2,R_Axial_DIN0207_L6.3mm_D2.5mm_P10.16mm_Horizontal,,tht
R14,1,10K,R_Axial_DIN0207_L6.3mm_D2.5mm_P10.16mm_Horizontal,,tht
"R16, R18",2,10k,R_Axial_DIN0207_L6.3mm_D2.5mm_P10.16mm_Horizontal,,tht
U2,1,DRV5033AJxLPG,TO-92_Inline,,tht
U3,1,DS3231,SO-16_5.3x10.2mm_P1.27mm,,smt
