﻿pos_x,pos_y,rotation,side,designator,mpn,pack,value,mount_type,place
194.3608,-84.0232,0.0,bottom,B1,,BAT_CR-1220_FCN,BATTERYCR1220_SMT,smt,True
84.3,-78.2574,90.0,top,D1,,LED_1206_3216Metric_Pad1.42x1.75mm_HandSolder,LED_Small,smt,True
129.8282,-77.9526,90.0,top,D10,,LED_1206_3216Metric_Pad1.42x1.75mm_HandSolder,LED_Small,smt,True
125.9928,-77.9272,90.0,top,D11,,LED_1206_3216Metric_Pad1.42x1.75mm_HandSolder,LED_Small,smt,True
121.9796,-77.9272,90.0,top,D12,,LED_1206_3216Metric_Pad1.42x1.75mm_HandSolder,LED_Small,smt,True
117.8902,-78.3082,90.0,top,D13,,LED_1206_3216Metric_Pad1.42x1.75mm_HandSolder,LED_Small,smt,True
114.046,-78.3082,90.0,top,D14,,LED_1206_3216Metric_Pad1.42x1.75mm_HandSolder,LED_Small,smt,True
109.813,-78.359,90.0,top,D15,,LED_1206_3216Metric_Pad1.42x1.75mm_HandSolder,LED_Small,smt,True
79.7674,-78.3336,90.0,top,D16,,LED_1206_3216Metric_Pad1.42x1.75mm_HandSolder,LED_Small,smt,True
88.3246,-78.3844,90.0,top,D2,,LED_1206_3216Metric_Pad1.42x1.75mm_HandSolder,LED_Small,smt,True
92.6882,-78.3844,90.0,top,D3,,LED_1206_3216Metric_Pad1.42x1.75mm_HandSolder,LED_Small,smt,True
96.9414,-78.3844,90.0,top,D4,,LED_1206_3216Metric_Pad1.42x1.75mm_HandSolder,LED_Small,smt,True
101.0422,-78.5368,90.0,top,D5,,LED_1206_3216Metric_Pad1.42x1.75mm_HandSolder,GREEN,smt,True
105.5494,-78.613,90.0,top,D6,,LED_1206_3216Metric_Pad1.42x1.75mm_HandSolder,BLUE,smt,True
185.8772,-83.8962,90.0,top,D9,,LED_1206_3216Metric_Pad1.42x1.75mm_HandSolder,LED_Small,smt,True
158.5976,-85.8774,0.0,top,MS1,,MODULE_FEATHER_M0_BASIC_PROTO,FEATHERWING,tht,True
130.0288,-83.566,-90.0,top,R1,,R_Axial_DIN0207_L6.3mm_D2.5mm_P10.16mm_Horizontal,330R,tht,True
92.71,-83.5406,-90.0,top,R10,,R_Axial_DIN0207_L6.3mm_D2.5mm_P10.16mm_Horizontal,330R,tht,True
96.9772,-83.5406,-90.0,top,R11,,R_Axial_DIN0207_L6.3mm_D2.5mm_P10.16mm_Horizontal,330R,tht,True
101.0158,-83.5406,-90.0,top,R12,,R_Axial_DIN0207_L6.3mm_D2.5mm_P10.16mm_Horizontal,330R,tht,True
105.5116,-83.566,-90.0,top,R13,,R_Axial_DIN0207_L6.3mm_D2.5mm_P10.16mm_Horizontal,2K2,tht,True
142.4686,-93.2434,90.0,top,R14,,R_Axial_DIN0207_L6.3mm_D2.5mm_P10.16mm_Horizontal,10K,tht,True
175.0314,-78.5876,-90.0,top,R16,,R_Axial_DIN0207_L6.3mm_D2.5mm_P10.16mm_Horizontal,10k,tht,True
185.8264,-88.8492,-90.0,top,R17,,R_Axial_DIN0207_L6.3mm_D2.5mm_P10.16mm_Horizontal,330R,tht,True
138.938,-83.058,-90.0,top,R18,,R_Axial_DIN0207_L6.3mm_D2.5mm_P10.16mm_Horizontal,10k,tht,True
125.9788,-83.566,-90.0,top,R2,,R_Axial_DIN0207_L6.3mm_D2.5mm_P10.16mm_Horizontal,330R,tht,True
121.9288,-83.566,-90.0,top,R3,,R_Axial_DIN0207_L6.3mm_D2.5mm_P10.16mm_Horizontal,330R,tht,True
117.8788,-83.566,-90.0,top,R4,,R_Axial_DIN0207_L6.3mm_D2.5mm_P10.16mm_Horizontal,330R,tht,True
113.8288,-83.566,-90.0,top,R5,,R_Axial_DIN0207_L6.3mm_D2.5mm_P10.16mm_Horizontal,330R,tht,True
109.7788,-83.566,-90.0,top,R6,,R_Axial_DIN0207_L6.3mm_D2.5mm_P10.16mm_Horizontal,330R,tht,True
79.7814,-83.5406,-90.0,top,R7,,R_Axial_DIN0207_L6.3mm_D2.5mm_P10.16mm_Horizontal,330R,tht,True
84.2518,-83.5406,-90.0,top,R8,,R_Axial_DIN0207_L6.3mm_D2.5mm_P10.16mm_Horizontal,330R,tht,True
88.3158,-83.5406,-90.0,top,R9,,R_Axial_DIN0207_L6.3mm_D2.5mm_P10.16mm_Horizontal,330R,tht,True
210.2866,-88.0618,90.0,top,U2,,TO-92_Inline,DRV5033AJxLPG,tht,True
195.2752,-85.5726,90.0,top,U3,,SO-16_5.3x10.2mm_P1.27mm,DS3231,smt,True
